{"cameraMode":{"drawMode":0,"name":"Shaded","section":"Shading Mode"},"sceneLighting":true,"audioPlay":false,"sceneViewState":{"showFog":true,"showMaterialUpdate":false,"showSkybox":true,"showFlares":true,"showImageEffects":true,"showParticleSystems":true},"in2DMode":false,"pivot":{"x":-28.145000457763673,"y":9.101949691772461,"z":-32.50518035888672},"rotation":{"x":0.3943570554256439,"y":0.0015037183184176684,"z":0.002290644682943821,"w":0.9190647602081299},"size":35.9763069152832,"orthographic":false}