{"cameraMode":{"drawMode":0,"name":"Shaded","section":"Shading Mode"},"sceneLighting":false,"audioPlay":false,"sceneViewState":{"showFog":true,"showMaterialUpdate":false,"showSkybox":false,"showFlares":true,"showImageEffects":true,"showParticleSystems":true},"in2DMode":false,"pivot":{"x":-5.931433200836182,"y":8.116743087768555,"z":-2.8709475994110109},"rotation":{"x":0.10460617393255234,"y":-0.5765783190727234,"z":0.07490230351686478,"w":0.8069872856140137},"size":1.7928763628005982,"orthographic":false}