{"cameraMode":{"drawMode":0,"name":"Shaded","section":"Shading Mode"},"sceneLighting":false,"audioPlay":false,"sceneViewState":{"showFog":true,"showMaterialUpdate":false,"showSkybox":false,"showFlares":true,"showImageEffects":true,"showParticleSystems":true},"in2DMode":false,"pivot":{"x":-14.757906913757325,"y":5.608757972717285,"z":2.892324686050415},"rotation":{"x":-0.07942171394824982,"y":0.35797592997550967,"z":-0.030561070889234544,"w":-0.929864227771759},"size":3.5928761959075929,"orthographic":false}