{"cameraMode":{"drawMode":0,"name":"Shaded","section":"Shading Mode"},"sceneLighting":false,"audioPlay":false,"sceneViewState":{"showFog":true,"showMaterialUpdate":false,"showSkybox":false,"showFlares":true,"showImageEffects":true,"showParticleSystems":true},"in2DMode":false,"pivot":{"x":-377.6750183105469,"y":11.177009582519532,"z":20.879732131958009},"rotation":{"x":-0.26989856362342837,"y":-0.01444513164460659,"z":0.004047759342938662,"w":-0.9628050327301025},"size":3.007394790649414,"orthographic":false}