{"cameraMode":{"drawMode":0,"name":"Shaded","section":"Shading Mode"},"sceneLighting":false,"audioPlay":false,"sceneViewState":{"showFog":true,"showMaterialUpdate":false,"showSkybox":false,"showFlares":true,"showImageEffects":true,"showParticleSystems":true},"in2DMode":false,"pivot":{"x":1.298750638961792,"y":8.471351623535157,"z":-0.36931681632995608},"rotation":{"x":-0.11433587223291397,"y":0.7759791016578674,"z":-0.14723460376262666,"w":-0.6026141047477722},"size":11.069268226623536,"orthographic":false}