{"cameraMode":{"drawMode":0,"name":"Shaded","section":"Shading Mode"},"sceneLighting":false,"audioPlay":false,"sceneViewState":{"showFog":true,"showMaterialUpdate":false,"showSkybox":false,"showFlares":true,"showImageEffects":true,"showParticleSystems":true},"in2DMode":false,"pivot":{"x":13.210000038146973,"y":4.52616024017334,"z":5.227688789367676},"rotation":{"x":-0.11433587223291397,"y":0.7759791016578674,"z":-0.14723460376262666,"w":-0.6026141047477722},"size":2.1924479007720949,"orthographic":false}