{"IKSensorLeft": 0.0, "IKSensorRight": 0.0, "UZSensorLeft": 13.0369473, "UZSensorLeftSide": 20.5568333, "UZSensorForward": 83.24626, "UZSensorRightSide": 36.9704361, "UZSensorRight": 22.913063}